{"trees": [{"children_left": [1, -1, 3, -1, -1], "children_right": [2, -1, 4, -1, -1], "feature": [3, -2, 3, -2, -2], "threshold": [-0.16172467544674873, -2.0, 0.2191019169986248, -2.0, -2.0], "value": [[[0.52, 0.48]], [[1.0, 0.0]], [[0.04, 0.96]], [[0.3333333333333333, 0.6666666666666666]], [[0.0, 1.0]]]}, {"children_left": [1, 2, -1, -1, 5, -1, -1], "children_right": [4, 3, -1, -1, 6, -1, -1], "feature": [3, 3, -2, -2, 0, -2, -2], "threshold": [0.14454421773552895, -0.16840821877121925, -2.0, -2.0, 1.9571273922920227, -2.0, -2.0], "value": [[[0.51, 0.49]], [[0.9615384615384616, 0.038461538461538464]], [[1.0, 0.0]], [[0.75, 0.25]], [[0.020833333333333332, 0.9791666666666666]], [[0.0, 1.0]], [[1.0, 0.0]]]}, {"children_left": [1, 2, -1, -1, 5, -1, -1], "children_right": [4, 3, -1, -1, 6, -1, -1], "feature": [2, 1, -2, -2, 3, -2, -2], "threshold": [-0.21098480373620987, 1.5458062291145325, -2.0, -2.0, 0.2191019169986248, -2.0, -2.0], "value": [[[0.55, 0.45]], [[0.08888888888888889, 0.9111111111111111]], [[0.0, 1.0]], [[1.0, 0.0]], [[0.9272727272727272, 0.07272727272727272]], [[0.9622641509433962, 0.03773584905660377]], [[0.0, 1.0]]]}], "classes": [0, 1]}